      ,        0,          1
     1,     2.802797,     2.802797
     2,     3.606620,     3.606620
     3,     2.681620,     2.681620
     4,     2.681613,     2.681613
     5,     2.681613,     2.681613
     6,     2.681620,     2.681620
     7,     2.681620,     2.681620
     8,     2.681613,     2.681613
     9,     2.681613,     2.681613
    10,     2.681620,     2.681620
    11,     2.802797,     2.802797
    12,     3.606620,     3.606620
    13,     2.681620,     2.681620
    14,     2.681613,     2.681613
    15,     2.681613,     2.681613
    16,     2.681620,     2.681620
    17,     2.681620,     2.681620
    18,     2.681613,     2.681613
    19,     2.681613,     2.681613
    20,     2.681620,     2.681620
    21,     2.802797,     2.802797
    22,     3.606620,     3.606620
    23,     2.681620,     2.681620
    24,     2.681613,     2.681613
    25,     2.681613,     2.681613
    26,     2.681620,     2.681620
    27,     2.681620,     2.681620
    28,     2.681613,     2.681613
    29,     2.681613,     2.681613
    30,     2.681620,     2.681620
    31,     2.802797,     2.802797
    32,     3.606620,     3.606620
    33,     2.681620,     2.681620
    34,     2.681613,     2.681613
    35,     2.681613,     2.681613
    36,     2.681620,     2.681620
    37,     2.681620,     2.681620
    38,     2.681613,     2.681613
    39,     2.681613,     2.681613
    40,     2.681620,     2.681620
    41,     7.457134,     7.457134
    42,     2.537902,     4.438450
    43,     0.000000,     1.585713
    44,     0.000000,     1.585713
    45,     0.000000,     1.585716
    46,     0.000000,     1.585716
    47,     0.000000,     1.585713
    48,     0.000000,     1.585713
    49,     7.457134,     7.457134
    50,     4.438450,     2.537902
    51,     1.585713,     0.000000
    52,     1.585713,     0.000000
    53,     1.585716,     0.000000
    54,     1.585716,     0.000000
    55,     1.585713,     0.000000
    56,     1.585713,     0.000000
    57,     7.457134,     7.457134
    58,     2.537902,     4.438450
    59,     0.000000,     1.585713
    60,     0.000000,     1.585713
    61,     0.000000,     1.585716
    62,     0.000000,     1.585716
    63,     0.000000,     1.585713
    64,     0.000000,     1.585713
    65,     7.457134,     7.457134
    66,     4.438450,     2.537902
    67,     1.585713,     0.000000
    68,     1.585713,     0.000000
    69,     1.585716,     0.000000
    70,     1.585716,     0.000000
    71,     1.585713,     0.000000
    72,     1.585713,     0.000000
    73,     3.546294,     4.669522
    74,     1.304570,     1.619402
    75,     1.304570,     1.619402
    76,     1.304570,     1.619402
    77,     1.304570,     1.619402
    78,     3.546294,     4.669522
    79,     1.304570,     1.619402
    80,     1.304570,     1.619402
    81,     1.304570,     1.619402
    82,     1.304570,     1.619402
    83,     4.669522,     3.546294
    84,     1.619402,     1.304570
    85,     1.619402,     1.304570
    86,     1.619402,     1.304570
    87,     1.619402,     1.304570
    88,     4.669522,     3.546294
    89,     1.619402,     1.304570
    90,     1.619402,     1.304570
    91,     1.619402,     1.304570
    92,     1.619402,     1.304570
    93,     3.546294,     4.669522
    94,     1.304570,     1.619402
    95,     1.304570,     1.619402
    96,     1.304570,     1.619402
    97,     1.304570,     1.619402
    98,     3.546294,     4.669522
    99,     1.304570,     1.619402
   100,     1.304570,     1.619402
   101,     1.304570,     1.619402
   102,     1.304570,     1.619402
   103,     4.669522,     3.546294
   104,     1.619402,     1.304570
   105,     1.619402,     1.304570
   106,     1.619402,     1.304570
   107,     1.619402,     1.304570
   108,     4.669522,     3.546294
   109,     1.619402,     1.304570
   110,     1.619402,     1.304570
   111,     1.619402,     1.304570
   112,     1.619402,     1.304570
   113,     1.712338,     1.630713
   114,     1.712338,     1.630713
   115,     1.712338,     1.630713
   116,     1.850000,     0.000000
   117,     0.000000,     1.850000
   118,     1.630713,     1.712338
   119,     1.630713,     1.712338
   120,     1.630713,     1.712338
   121,     1.630713,     1.712338
   122,     1.630713,     1.712338
   123,     1.630713,     1.712338
   124,     0.000000,     1.850000
   125,     1.850000,     0.000000
   126,     1.712338,     1.630713
   127,     1.712338,     1.630713
   128,     1.712338,     1.630713
   129,     1.712338,     1.630713
   130,     1.712338,     1.630713
   131,     1.712338,     1.630713
   132,     1.850000,     0.000000
   133,     0.000000,     1.850000
   134,     1.630713,     1.712338
   135,     1.630713,     1.712338
   136,     1.630713,     1.712338
   137,     1.630713,     1.712338
   138,     1.630713,     1.712338
   139,     1.630713,     1.712338
   140,     0.000000,     1.850000
   141,     1.850000,     0.000000
   142,     1.712338,     1.630713
   143,     1.712338,     1.630713
   144,     1.712338,     1.630713
   145,     4.236984,     4.236984
   146,     1.233334,     1.233334
   147,     1.233334,     1.233334
   148,     4.236984,     4.236984
   149,     1.233334,     1.233334
   150,     1.233334,     1.233334
   151,     4.236984,     4.236984
   152,     1.233334,     1.233334
   153,     1.233334,     1.233334
   154,     4.236984,     4.236984
   155,     1.233334,     1.233334
   156,     1.233334,     1.233334
   157,     0.000000,     1.850000
   158,     0.000000,     1.850000
   159,     0.000000,     1.850000
   160,     1.850000,     0.000000
   161,     1.850000,     0.000000
   162,     1.850000,     0.000000
   163,     0.000000,     1.850000
   164,     0.000000,     1.850000
   165,     0.000000,     1.850000
   166,     1.850000,     0.000000
   167,     1.850000,     0.000000
   168,     1.850000,     0.000000
   169,     1.233334,     1.233334
   170,     1.233334,     1.233334
   171,     1.233334,     1.233334
   172,     1.233334,     1.233334
   173,     1.233334,     1.233334
   174,     1.233334,     1.233334
   175,     1.233334,     1.233334
   176,     1.233334,     1.233334
   177,     1.304570,     1.619402
   178,     1.304570,     1.619402
   179,     1.304570,     1.619402
   180,     1.304570,     1.619402
   181,     1.619402,     1.304570
   182,     1.619402,     1.304570
   183,     1.619402,     1.304570
   184,     1.619402,     1.304570
   185,     1.233334,     1.233334
   186,     1.233334,     1.233334
   187,     1.233334,     1.233334
   188,     1.233334,     1.233334
   189,     1.304570,     1.619402
   190,     1.304570,     1.619402
   191,     1.304570,     1.619402
   192,     1.304570,     1.619402
   193,     1.619402,     1.304570
   194,     1.619402,     1.304570
   195,     1.619402,     1.304570
   196,     1.619402,     1.304570
   197,     1.233334,     1.233334
   198,     1.233334,     1.233334
   199,     1.619402,     1.304570
   200,     1.619402,     1.304570
   201,     1.619402,     1.304570
   202,     1.619402,     1.304570
   203,     1.304570,     1.619402
   204,     1.304570,     1.619402
   205,     1.304570,     1.619402
   206,     1.304570,     1.619402
   207,     1.233334,     1.233334
   208,     1.233334,     1.233334
   209,     1.304570,     1.619402
   210,     1.304570,     1.619402
   211,     1.304570,     1.619402
   212,     1.304570,     1.619402
   213,     1.619402,     1.304570
   214,     1.619402,     1.304570
   215,     1.619402,     1.304570
   216,     1.619402,     1.304570
   217,     3.534097,     3.534097
   218,     2.796596,     2.796596
   219,     2.796595,     2.796595
   220,     2.796596,     2.796596
   221,     2.796597,     2.796597
   222,     2.796596,     2.796596
   223,     2.796595,     2.796595
   224,     2.796596,     2.796596
   225,     3.534097,     3.534097
   226,     2.796596,     2.796596
   227,     2.796595,     2.796595
   228,     2.796596,     2.796596
   229,     2.796597,     2.796597
   230,     2.796596,     2.796596
   231,     2.796595,     2.796595
   232,     2.796596,     2.796596
   233,     3.534097,     3.534097
   234,     2.796596,     2.796596
   235,     2.796595,     2.796595
   236,     2.796596,     2.796596
   237,     2.796597,     2.796597
   238,     2.796596,     2.796596
   239,     2.796595,     2.796595
   240,     2.796596,     2.796596
   241,     3.534097,     3.534097
   242,     2.796596,     2.796596
   243,     2.796595,     2.796595
   244,     2.796596,     2.796596
   245,     2.796597,     2.796597
   246,     2.796596,     2.796596
   247,     2.796595,     2.796595
   248,     2.796596,     2.796596
   249,     5.727927,     5.727927
   250,     4.006679,     6.492390
   251,     0.000000,     1.770000
   252,     0.000000,     1.770000
   253,     0.000000,     1.770000
   254,     0.000000,     1.770000
   255,     5.727927,     5.727927
   256,     6.492390,     4.006679
   257,     1.770000,     0.000000
   258,     1.770000,     0.000000
   259,     1.770000,     0.000000
   260,     1.770000,     0.000000
   261,     5.727927,     5.727927
   262,     4.006679,     6.492390
   263,     0.000000,     1.770000
   264,     0.000000,     1.770000
   265,     0.000000,     1.770000
   266,     0.000000,     1.770000
   267,     5.727927,     5.727927
   268,     6.492390,     4.006679
   269,     1.770000,     0.000000
   270,     1.770000,     0.000000
   271,     1.770000,     0.000000
   272,     1.770000,     0.000000
   273,     4.546108,     3.640315
   274,     1.762278,     1.511673
   275,     1.762278,     1.511673
   276,     1.762278,     1.511673
   277,     4.546108,     3.640315
   278,     1.762278,     1.511673
   279,     1.762278,     1.511673
   280,     1.762278,     1.511673
   281,     3.640315,     4.546108
   282,     1.511673,     1.762278
   283,     1.511673,     1.762278
   284,     1.511673,     1.762278
   285,     3.640315,     4.546108
   286,     1.511673,     1.762278
   287,     1.511673,     1.762278
   288,     1.511673,     1.762278
   289,     4.546108,     3.640315
   290,     1.762278,     1.511673
   291,     1.762278,     1.511673
   292,     1.762278,     1.511673
   293,     4.546108,     3.640315
   294,     1.762278,     1.511673
   295,     1.762278,     1.511673
   296,     1.762278,     1.511673
   297,     3.640315,     4.546108
   298,     1.511673,     1.762278
   299,     1.511673,     1.762278
   300,     1.511673,     1.762278
   301,     3.640315,     4.546108
   302,     1.511673,     1.762278
   303,     1.511673,     1.762278
   304,     1.511673,     1.762278
   305,     1.597655,     1.511673
   306,     1.597655,     1.511673
   307,     1.597655,     1.511673
   308,     1.475000,     0.000000
   309,     0.000000,     1.475000
   310,     1.511673,     1.597655
   311,     1.511673,     1.597655
   312,     1.511673,     1.597655
   313,     1.511673,     1.597655
   314,     1.511673,     1.597655
   315,     1.511673,     1.597655
   316,     0.000000,     1.475000
   317,     1.475000,     0.000000
   318,     1.597655,     1.511673
   319,     1.597655,     1.511673
   320,     1.597655,     1.511673
   321,     1.597655,     1.511673
   322,     1.597655,     1.511673
   323,     1.597655,     1.511673
   324,     0.983334,     0.983334
   325,     0.983334,     0.983334
   326,     1.511673,     1.597655
   327,     1.511673,     1.597655
   328,     1.511673,     1.597655
   329,     1.511673,     1.597655
   330,     1.511673,     1.597655
   331,     1.511673,     1.597655
   332,     0.983334,     0.983334
   333,     0.983334,     0.983334
   334,     1.597655,     1.511673
   335,     1.597655,     1.511673
   336,     1.597655,     1.511673
   337,     4.586974,     4.586974
   338,     0.983334,     0.983334
   339,     0.983334,     0.983334
   340,     4.586974,     4.586974
   341,     0.983334,     0.983334
   342,     0.983334,     0.983334
   343,     4.586974,     4.586974
   344,     0.983334,     0.983334
   345,     0.983334,     0.983334
   346,     4.586974,     4.586974
   347,     0.983334,     0.983334
   348,     0.983334,     0.983334
   349,     0.983334,     0.983334
   350,     0.983334,     0.983334
   351,     0.983334,     0.983334
   352,     0.983334,     0.983334
   353,     1.966666,     0.000000
   354,     1.966666,     0.000000
   355,     0.000000,     1.966666
   356,     0.000000,     1.966666
   357,     1.966666,     0.000000
   358,     1.966666,     0.000000
   359,     0.000000,     1.966666
   360,     0.000000,     1.966666
   361,     0.983334,     0.983334
   362,     0.983334,     0.983334
   363,     0.983334,     0.983334
   364,     0.983334,     0.983334
   365,     1.762278,     1.511673
   366,     1.762278,     1.511673
   367,     1.762278,     1.511673
   368,     1.511673,     1.762278
   369,     1.511673,     1.762278
   370,     1.511673,     1.762278
   371,     1.511673,     1.762278
   372,     1.511673,     1.762278
   373,     1.511673,     1.762278
   374,     1.762278,     1.511673
   375,     1.762278,     1.511673
   376,     1.762278,     1.511673
   377,     1.762278,     1.511673
   378,     1.762278,     1.511673
   379,     1.762278,     1.511673
   380,     1.511673,     1.762278
   381,     1.511673,     1.762278
   382,     1.511673,     1.762278
   383,     1.511673,     1.762278
   384,     1.511673,     1.762278
   385,     1.511673,     1.762278
   386,     1.762278,     1.511673
   387,     1.762278,     1.511673
   388,     1.762278,     1.511673
   389,     1.475000,     0.000000
   390,     0.000000,     1.475000
   391,     0.000000,     1.475000
   392,     1.475000,     0.000000
   393,     6.285049,     6.285049
   394,     2.796596,     2.796596
   395,     2.796595,     2.796595
   396,     2.796596,     2.796596
   397,     2.796597,     2.796597
   398,     2.796596,     2.796596
   399,     2.796595,     2.796595
   400,     2.796596,     2.796596
   401,     6.285049,     6.285049
   402,     2.796596,     2.796596
   403,     2.796595,     2.796595
   404,     2.796596,     2.796596
   405,     2.796597,     2.796597
   406,     2.796596,     2.796596
   407,     2.796595,     2.796595
   408,     2.796596,     2.796596
   409,     6.285049,     6.285049
   410,     2.796596,     2.796596
   411,     2.796595,     2.796595
   412,     2.796596,     2.796596
   413,     2.796597,     2.796597
   414,     2.796596,     2.796596
   415,     2.796595,     2.796595
   416,     2.796596,     2.796596
   417,     6.285049,     6.285049
   418,     2.796596,     2.796596
   419,     2.796595,     2.796595
   420,     2.796596,     2.796596
   421,     2.796597,     2.796597
   422,     2.796596,     2.796596
   423,     2.796595,     2.796595
   424,     2.796596,     2.796596
   425,     5.587456,     5.587456
   426,     2.611673,     4.726779
   427,     0.000000,     1.650000
   428,     0.000000,     1.650000
   429,     0.000000,     1.650000
   430,     5.587456,     5.587456
   431,     4.726779,     2.611673
   432,     1.650000,     0.000000
   433,     1.650000,     0.000000
   434,     1.650000,     0.000000
   435,     5.587456,     5.587456
   436,     2.611673,     4.726779
   437,     0.000000,     1.650000
   438,     0.000000,     1.650000
   439,     0.000000,     1.650000
   440,     5.587456,     5.587456
   441,     4.726779,     2.611673
   442,     1.650000,     0.000000
   443,     1.650000,     0.000000
   444,     1.650000,     0.000000
   445,     1.976779,     1.511673
   446,     1.976779,     1.511673
   447,     1.976779,     1.511673
   448,     1.976779,     1.511673
   449,     1.976779,     1.511673
   450,     1.976779,     1.511673
   451,     1.976779,     1.511673
   452,     1.976779,     1.511673
   453,     1.976779,     1.511673
   454,     1.976779,     1.511673
   455,     1.976779,     1.511673
   456,     1.976779,     1.511673
   457,     1.511673,     1.976779
   458,     1.511673,     1.976779
   459,     1.511673,     1.976779
   460,     1.511673,     1.976779
   461,     1.511673,     1.976779
   462,     1.511673,     1.976779
   463,     1.511673,     1.976779
   464,     1.511673,     1.976779
   465,     1.511673,     1.976779
   466,     1.511673,     1.976779
   467,     1.511673,     1.976779
   468,     1.511673,     1.976779
   469,     1.976779,     1.511673
   470,     1.976779,     1.511673
   471,     1.976779,     1.511673
   472,     1.976779,     1.511673
   473,     1.976779,     1.511673
   474,     1.976779,     1.511673
   475,     1.976779,     1.511673
   476,     1.976779,     1.511673
   477,     1.976779,     1.511673
   478,     1.976779,     1.511673
   479,     1.976779,     1.511673
   480,     1.976779,     1.511673
   481,     1.511673,     1.976779
   482,     1.511673,     1.976779
   483,     1.511673,     1.976779
   484,     1.511673,     1.976779
   485,     1.511673,     1.976779
   486,     1.511673,     1.976779
   487,     1.511673,     1.976779
   488,     1.511673,     1.976779
   489,     1.511673,     1.976779
   490,     1.511673,     1.976779
   491,     1.511673,     1.976779
   492,     1.511673,     1.976779
   493,     2.200000,     2.200000
   494,     1.100000,     1.100000
   495,     2.200000,     2.200000
   496,     1.100000,     1.100000
   497,     1.100000,     1.100000
   498,     2.200000,     2.200000
   499,     1.100000,     1.100000
   500,     2.200000,     2.200000
   501,     1.100000,     1.100000
   502,     1.100000,     1.100000
   503,     1.966664,     1.966664
   504,     0.983334,     0.983334
   505,     0.983334,     0.983334
   506,     0.983334,     0.983334
   507,     0.983334,     0.983334
   508,     0.983334,     0.983334
   509,     0.983334,     0.983334
   510,     0.000000,     1.770000
   511,     0.000000,     1.770000
   512,     0.000000,     1.770000
   513,     0.000000,     1.770000
   514,     1.770000,     0.000000
   515,     1.770000,     0.000000
   516,     1.770000,     0.000000
   517,     1.770000,     0.000000
   518,     0.000000,     1.770000
   519,     0.000000,     1.770000
   520,     0.000000,     1.770000
   521,     0.000000,     1.770000
   522,     1.770000,     0.000000
   523,     1.770000,     0.000000
   524,     1.770000,     0.000000
   525,     1.770000,     0.000000
   526,     0.983334,     0.983334
   527,     0.983334,     0.983334
   528,     0.983334,     0.983334
   529,     0.983334,     0.983334
   530,     0.983334,     0.983334
   531,     0.983334,     0.983334
   532,     0.983334,     0.983334
   533,     0.983334,     0.983334
   534,     0.983334,     0.983334
   535,     0.983334,     0.983334
   536,     0.983334,     0.983334
   537,     0.983334,     0.983334
   538,     0.983334,     0.983334
   539,     0.983334,     0.983334
   540,     1.511673,     1.762278
   541,     1.511673,     1.762278
   542,     1.511673,     1.762278
   543,     1.511673,     1.762278
   544,     1.511673,     1.762278
   545,     1.511673,     1.762278
   546,     1.762278,     1.511673
   547,     1.762278,     1.511673
   548,     1.762278,     1.511673
   549,     1.762278,     1.511673
   550,     1.762278,     1.511673
   551,     1.762278,     1.511673
   552,     2.796596,     2.796596
   553,     2.796595,     2.796595
   554,     2.796596,     2.796596
   555,     2.796597,     2.796597
   556,     2.796596,     2.796596
   557,     2.796595,     2.796595
   558,     2.796596,     2.796596
   559,     1.511673,     1.762278
   560,     1.511673,     1.762278
   561,     1.511673,     1.762278
   562,     1.511673,     1.762278
   563,     1.511673,     1.762278
   564,     1.511673,     1.762278
   565,     2.796596,     2.796596
   566,     2.796595,     2.796595
   567,     2.796596,     2.796596
   568,     2.796597,     2.796597
   569,     2.796596,     2.796596
   570,     2.796595,     2.796595
   571,     2.796596,     2.796596
   572,     1.762278,     1.511673
   573,     1.762278,     1.511673
   574,     1.762278,     1.511673
   575,     1.762278,     1.511673
   576,     1.762278,     1.511673
   577,     1.762278,     1.511673
   578,     2.796596,     2.796596
   579,     2.796595,     2.796595
   580,     2.796596,     2.796596
   581,     2.796597,     2.796597
   582,     2.796596,     2.796596
   583,     2.796595,     2.796595
   584,     2.796596,     2.796596
   585,     2.796596,     2.796596
   586,     2.796595,     2.796595
   587,     2.796596,     2.796596
   588,     2.796597,     2.796597
   589,     2.796596,     2.796596
   590,     2.796595,     2.796595
   591,     2.796596,     2.796596
   592,     2.681620,     2.681620
   593,     2.681613,     2.681613
   594,     2.681613,     2.681613
   595,     2.681620,     2.681620
   596,     2.681620,     2.681620
   597,     2.681613,     2.681613
   598,     2.681613,     2.681613
   599,     2.681620,     2.681620
   600,     2.681620,     2.681620
   601,     2.681613,     2.681613
   602,     2.681613,     2.681613
   603,     2.681620,     2.681620
   604,     2.681620,     2.681620
   605,     2.681613,     2.681613
   606,     2.681613,     2.681613
   607,     2.681620,     2.681620
   608,     2.681620,     2.681620
   609,     2.681613,     2.681613
   610,     2.681613,     2.681613
   611,     2.681620,     2.681620
   612,     2.681620,     2.681620
   613,     2.681613,     2.681613
   614,     2.681613,     2.681613
   615,     2.681620,     2.681620
   616,     2.681620,     2.681620
   617,     2.681613,     2.681613
   618,     2.681613,     2.681613
   619,     2.681620,     2.681620
   620,     2.681620,     2.681620
   621,     2.681613,     2.681613
   622,     2.681613,     2.681613
   623,     2.681620,     2.681620
   624,     1.619402,     1.304570
   625,     1.619402,     1.304570
   626,     1.619402,     1.304570
   627,     1.619402,     1.304570
   628,     1.619402,     1.304570
   629,     1.619402,     1.304570
   630,     1.619402,     1.304570
   631,     1.619402,     1.304570
   632,     1.304570,     1.619402
   633,     1.304570,     1.619402
   634,     1.304570,     1.619402
   635,     1.304570,     1.619402
   636,     1.304570,     1.619402
   637,     1.304570,     1.619402
   638,     1.304570,     1.619402
   639,     1.304570,     1.619402
   640,     1.619402,     1.304570
   641,     1.619402,     1.304570
   642,     1.619402,     1.304570
   643,     1.619402,     1.304570
   644,     1.619402,     1.304570
   645,     1.619402,     1.304570
   646,     1.619402,     1.304570
   647,     1.619402,     1.304570
   648,     1.304570,     1.619402
   649,     1.304570,     1.619402
   650,     1.304570,     1.619402
   651,     1.304570,     1.619402
   652,     1.304570,     1.619402
   653,     1.304570,     1.619402
   654,     1.304570,     1.619402
   655,     1.304570,     1.619402
   656,     1.585713,     0.000000
   657,     1.585713,     0.000000
   658,     1.585716,     0.000000
   659,     1.585716,     0.000000
   660,     1.585713,     0.000000
   661,     1.585713,     0.000000
   662,     0.000000,     1.585713
   663,     0.000000,     1.585713
   664,     0.000000,     1.585716
   665,     0.000000,     1.585716
   666,     0.000000,     1.585713
   667,     0.000000,     1.585713
   668,     1.585713,     0.000000
   669,     1.585713,     0.000000
   670,     1.585716,     0.000000
   671,     1.585716,     0.000000
   672,     1.585713,     0.000000
   673,     1.585713,     0.000000
   674,     0.000000,     1.585713
   675,     0.000000,     1.585713
   676,     0.000000,     1.585716
   677,     0.000000,     1.585716
   678,     0.000000,     1.585713
   679,     0.000000,     1.585713
   680,     1.233334,     1.233334
   681,     1.233334,     1.233334
   682,     1.233334,     1.233334
   683,     1.233334,     1.233334
   684,     1.233334,     1.233334
   685,     1.233334,     1.233334
   686,     1.233334,     1.233334
   687,     1.233334,     1.233334
   688,     2.796596,     2.796596
   689,     2.796595,     2.796595
   690,     2.796596,     2.796596
   691,     2.796597,     2.796597
   692,     2.796596,     2.796596
   693,     2.796595,     2.796595
   694,     2.796596,     2.796596
   695,     2.796596,     2.796596
   696,     2.796595,     2.796595
   697,     2.796596,     2.796596
   698,     2.796597,     2.796597
   699,     2.796596,     2.796596
   700,     2.796595,     2.796595
   701,     2.796596,     2.796596
   702,     2.796596,     2.796596
   703,     2.796595,     2.796595
   704,     2.796596,     2.796596
   705,     2.796597,     2.796597
   706,     2.796596,     2.796596
   707,     2.796595,     2.796595
   708,     2.796596,     2.796596
   709,     2.796596,     2.796596
   710,     2.796595,     2.796595
   711,     2.796596,     2.796596
   712,     2.796597,     2.796597
   713,     2.796596,     2.796596
   714,     2.796595,     2.796595
   715,     2.796596,     2.796596
   716,     0.000000,     1.650000
   717,     0.000000,     1.650000
   718,     0.000000,     1.650000
   719,     1.650000,     0.000000
   720,     1.650000,     0.000000
   721,     1.650000,     0.000000
   722,     0.000000,     1.650000
   723,     0.000000,     1.650000
   724,     0.000000,     1.650000
   725,     1.650000,     0.000000
   726,     1.650000,     0.000000
   727,     1.650000,     0.000000
   728,     1.100000,     1.100000
   729,     1.100000,     1.100000
   730,     1.100000,     1.100000
   731,     1.100000,     1.100000
   732,     2.200000,     2.200000
   733,     1.100000,     1.100000
   734,     1.100000,     1.100000
   735,     1.100000,     1.100000
   736,     1.100000,     1.100000
   737,     1.100000,     1.100000
   738,     1.100000,     1.100000
   739,     5.458942,     5.458942
   740,     2.780509,     2.780509
   741,     2.780509,     2.780509
   742,     2.780509,     2.780509
   743,     2.780509,     2.780509
   744,     2.780509,     2.780509
   745,     2.780509,     2.780509
   746,     2.780509,     2.780509
   747,     5.458942,     5.458942
   748,     2.780509,     2.780509
   749,     2.780509,     2.780509
   750,     2.780509,     2.780509
   751,     2.780509,     2.780509
   752,     2.780509,     2.780509
   753,     2.780509,     2.780509
   754,     2.780509,     2.780509
   755,     5.458942,     5.458942
   756,     2.780509,     2.780509
   757,     2.780509,     2.780509
   758,     2.780509,     2.780509
   759,     2.780509,     2.780509
   760,     2.780509,     2.780509
   761,     2.780509,     2.780509
   762,     2.780509,     2.780509
   763,     5.458942,     5.458942
   764,     2.780509,     2.780509
   765,     2.780509,     2.780509
   766,     2.780509,     2.780509
   767,     2.780509,     2.780509
   768,     2.780509,     2.780509
   769,     2.780509,     2.780509
   770,     2.780509,     2.780509
   771,     5.436764,     5.436764
   772,     2.780509,     2.780509
   773,     2.780509,     2.780509
   774,     2.780509,     2.780509
   775,     2.780509,     2.780509
   776,     2.780509,     2.780509
   777,     2.780509,     2.780509
   778,     2.780509,     2.780509
   779,     5.436764,     5.436764
   780,     2.780509,     2.780509
   781,     2.780509,     2.780509
   782,     2.780509,     2.780509
   783,     2.780509,     2.780509
   784,     2.780509,     2.780509
   785,     2.780509,     2.780509
   786,     2.780509,     2.780509
   787,     5.436764,     5.436764
   788,     2.780509,     2.780509
   789,     2.780509,     2.780509
   790,     2.780509,     2.780509
   791,     2.780509,     2.780509
   792,     2.780509,     2.780509
   793,     2.780509,     2.780509
   794,     2.780509,     2.780509
   795,     5.436764,     5.436764
   796,     2.780509,     2.780509
   797,     2.780509,     2.780509
   798,     2.780509,     2.780509
   799,     2.780509,     2.780509
   800,     2.780509,     2.780509
   801,     2.780509,     2.780509
   802,     2.780509,     2.780509
   803,     4.072017,     4.072017
   804,     2.932740,     2.932740
   805,     2.932740,     2.932740
   806,     2.932740,     2.932740
   807,     4.072017,     4.072017
   808,     2.932740,     2.932740
   809,     2.932740,     2.932740
   810,     2.932740,     2.932740
   811,     4.072017,     4.072017
   812,     2.932740,     2.932740
   813,     2.932740,     2.932740
   814,     2.932740,     2.932740
   815,     4.072017,     4.072017
   816,     2.932740,     2.932740
   817,     2.932740,     2.932740
   818,     2.932740,     2.932740
   819,     3.446834,     2.003970
   820,     1.800820,     1.046988
   821,     1.800820,     1.046988
   822,     2.003970,     3.446834
   823,     0.956982,     1.646012
   824,     0.956982,     1.646012
   825,     3.446834,     2.003970
   826,     1.800820,     1.046988
   827,     1.800820,     1.046988
   828,     2.003970,     3.446834
   829,     0.956982,     1.646012
   830,     0.956982,     1.646012
   831,     1.646012,     0.956982
   832,     1.646012,     0.956982
   833,     1.046988,     1.800820
   834,     1.046988,     1.800820
   835,     1.646012,     0.956982
   836,     1.646012,     0.956982
   837,     1.046988,     1.800820
   838,     1.046988,     1.800820
   839,     3.244758,     2.003970
   840,     1.702437,     1.051429
   841,     1.702437,     1.051429
   842,     2.003970,     3.244758
   843,     0.952541,     1.542321
   844,     0.952541,     1.542321
   845,     3.244758,     2.003970
   846,     1.702437,     1.051429
   847,     1.702437,     1.051429
   848,     2.003970,     3.244758
   849,     0.952541,     1.542321
   850,     0.952541,     1.542321
   851,     1.542321,     0.952541
   852,     1.542321,     0.952541
   853,     1.051429,     1.702437
   854,     1.051429,     1.702437
   855,     1.542321,     0.952541
   856,     1.542321,     0.952541
   857,     1.051429,     1.702437
   858,     1.051429,     1.702437
   859,     3.725978,     5.633167
   860,     1.056844,     1.608573
   861,     1.056844,     1.608573
   862,     5.190703,     5.190703
   863,     5.633167,     3.725978
   864,     1.441579,     0.947126
   865,     1.441578,     0.947126
   866,     3.725978,     5.633167
   867,     1.056844,     1.608573
   868,     1.056844,     1.608573
   869,     5.190703,     5.190703
   870,     5.633167,     3.725978
   871,     1.441579,     0.947126
   872,     1.441578,     0.947126
   873,     5.190703,     5.190703
   874,     0.947126,     1.441579
   875,     0.947126,     1.441578
   876,     1.608573,     1.056844
   877,     1.608573,     1.056844
   878,     5.190703,     5.190703
   879,     0.947126,     1.441579
   880,     0.947126,     1.441578
   881,     1.608573,     1.056844
   882,     1.608573,     1.056844
   883,     1.646012,     0.956982
   884,     1.646012,     0.956982
   885,     1.800820,     1.046988
   886,     1.800820,     1.046988
   887,     0.956982,     1.646012
   888,     0.956982,     1.646012
   889,     1.046988,     1.800820
   890,     1.046988,     1.800820
   891,     1.646012,     0.956982
   892,     1.646012,     0.956982
   893,     1.800820,     1.046988
   894,     1.800820,     1.046988
   895,     1.046988,     1.800820
   896,     1.046988,     1.800820
   897,     0.956982,     1.646012
   898,     0.956982,     1.646012
   899,     1.542321,     0.952541
   900,     1.542321,     0.952541
   901,     1.702437,     1.051429
   902,     1.702437,     1.051429
   903,     0.952541,     1.542321
   904,     0.952541,     1.542321
   905,     1.051429,     1.702437
   906,     1.051429,     1.702437
   907,     1.702437,     1.051429
   908,     1.702437,     1.051429
   909,     1.542321,     0.952541
   910,     1.542321,     0.952541
   911,     0.952541,     1.542321
   912,     0.952541,     1.542321
   913,     1.051429,     1.702437
   914,     1.051429,     1.702437
   915,     0.947126,     1.441578
   916,     0.947126,     1.441579
   917,     1.056844,     1.608573
   918,     1.056844,     1.608573
   919,     1.441578,     0.947126
   920,     1.441579,     0.947126
   921,     1.608573,     1.056844
   922,     1.608573,     1.056844
   923,     0.947126,     1.441578
   924,     0.947126,     1.441579
   925,     1.056844,     1.608573
   926,     1.056844,     1.608573
   927,     1.441578,     0.947126
   928,     1.441579,     0.947126
   929,     1.608573,     1.056844
   930,     1.608573,     1.056844
   931,     2.152514,     2.152514
   932,     0.861006,     0.861004
   933,     2.152514,     2.152514
   934,     0.861004,     0.861006
   935,     2.152514,     2.152514
   936,     0.861006,     0.861004
   937,     2.152514,     2.152514
   938,     0.861004,     0.861006
   939,     1.722010,     1.722012
   940,     1.722012,     1.722010
   941,     1.722010,     1.722012
   942,     1.722012,     1.722010
   943,     0.861004,     0.861006
   944,     0.861006,     0.861004
   945,     0.861004,     0.861006
   946,     0.861006,     0.861004
   947,     1.722012,     1.722012
   948,     1.722009,     0.000000
   949,     1.722009,     0.000000
   950,     0.000000,     1.722009
   951,     0.000000,     1.722009
   952,     1.722009,     0.000000
   953,     1.722009,     0.000000
   954,     2.628278,     2.628278
   955,     2.628278,     2.628278
   956,     2.628278,     2.628278
   957,     2.628278,     2.628278
   958,     2.628278,     2.628278
   959,     2.628278,     2.628278
   960,     0.000000,     1.722009
   961,     0.000000,     1.722009
   962,     0.000000,     1.722009
   963,     0.000000,     1.722009
   964,     2.628278,     2.628278
   965,     2.628278,     2.628278
   966,     2.628278,     2.628278
   967,     1.722009,     0.000000
   968,     1.722009,     0.000000
   969,     1.722009,     0.000000
   970,     1.722009,     0.000000
   971,     2.628278,     2.628278
   972,     2.628278,     2.628278
   973,     2.628278,     2.628278
   974,     0.000000,     1.722009
   975,     0.000000,     1.722009
   976,     5.104472,     5.104472
   977,     2.780509,     2.780509
   978,     2.780509,     2.780509
   979,     2.780509,     2.780509
   980,     2.780509,     2.780509
   981,     2.780509,     2.780509
   982,     2.780509,     2.780509
   983,     2.780509,     2.780509
   984,     3.269890,     3.269890
   985,     2.764145,     2.764145
   986,     2.764144,     2.764144
   987,     2.764152,     2.764152
   988,     5.104472,     5.104472
   989,     2.780509,     2.780509
   990,     2.780509,     2.780509
   991,     2.780509,     2.780509
   992,     2.780509,     2.780509
   993,     2.780509,     2.780509
   994,     2.780509,     2.780509
   995,     2.780509,     2.780509
   996,     3.269890,     3.269890
   997,     2.764145,     2.764145
   998,     2.764144,     2.764144
   999,     2.764152,     2.764152
  1000,     5.104472,     5.104472
  1001,     3.269890,     3.269890
  1002,     2.764145,     2.764145
  1003,     2.764144,     2.764144
  1004,     2.764152,     2.764152
  1005,     2.780509,     2.780509
  1006,     2.780509,     2.780509
  1007,     2.780509,     2.780509
  1008,     2.780509,     2.780509
  1009,     2.780509,     2.780509
  1010,     2.780509,     2.780509
  1011,     2.780509,     2.780509
  1012,     5.104472,     5.104472
  1013,     2.780509,     2.780509
  1014,     2.780509,     2.780509
  1015,     2.780509,     2.780509
  1016,     2.780509,     2.780509
  1017,     2.780509,     2.780509
  1018,     2.780509,     2.780509
  1019,     2.780509,     2.780509
  1020,     3.269890,     3.269890
  1021,     2.764145,     2.764145
  1022,     2.764144,     2.764144
  1023,     2.764152,     2.764152
  1024,     2.003970,     2.864536
  1025,     1.063589,     1.520328
  1026,     1.063589,     1.520327
  1027,     2.864536,     2.003970
  1028,     1.344211,     0.940381
  1029,     1.344211,     0.940381
  1030,     2.003970,     2.864536
  1031,     1.063589,     1.520328
  1032,     1.063589,     1.520327
  1033,     2.864536,     2.003970
  1034,     1.344211,     0.940381
  1035,     1.344211,     0.940381
  1036,     0.940381,     1.344211
  1037,     0.940381,     1.344211
  1038,     1.520328,     1.063589
  1039,     1.520327,     1.063589
  1040,     0.940381,     1.344211
  1041,     0.940381,     1.344211
  1042,     1.520328,     1.063589
  1043,     1.520327,     1.063589
  1044,     2.307512,     4.554708
  1045,     0.996089,     1.383602
  1046,     0.996089,     1.383602
  1047,     5.589202,     5.589202
  1048,     4.554708,     2.307512
  1049,     1.821613,     1.311424
  1050,     2.307512,     4.554708
  1051,     0.996089,     1.383602
  1052,     0.996089,     1.383602
  1053,     5.589202,     5.589202
  1054,     4.554708,     2.307512
  1055,     1.821613,     1.311424
  1056,     5.589202,     5.589202
  1057,     1.311424,     1.821613
  1058,     1.383602,     0.996089
  1059,     1.383602,     0.996089
  1060,     5.589202,     5.589202
  1061,     1.311424,     1.821613
  1062,     1.383602,     0.996089
  1063,     1.383602,     0.996089
  1064,     0.940381,     1.344211
  1065,     0.940381,     1.344211
  1066,     1.063589,     1.520327
  1067,     1.063589,     1.520328
  1068,     1.344211,     0.940381
  1069,     1.344211,     0.940381
  1070,     1.520327,     1.063589
  1071,     1.520328,     1.063589
  1072,     0.940381,     1.344211
  1073,     0.940381,     1.344211
  1074,     1.063589,     1.520327
  1075,     1.063589,     1.520328
  1076,     1.344211,     0.940381
  1077,     1.344211,     0.940381
  1078,     1.520327,     1.063589
  1079,     1.520328,     1.063589
  1080,     1.311424,     1.821613
  1081,     0.996089,     1.383602
  1082,     0.996089,     1.383602
  1083,     1.821613,     1.311424
  1084,     1.383602,     0.996089
  1085,     1.383602,     0.996089
  1086,     1.311424,     1.821613
  1087,     0.996089,     1.383602
  1088,     0.996089,     1.383602
  1089,     1.821613,     1.311424
  1090,     1.383602,     0.996089
  1091,     1.383602,     0.996089
  1092,     0.000000,     1.349493
  1093,     0.000000,     1.349493
  1094,     2.426131,     2.426131
  1095,     2.426139,     2.426139
  1096,     2.426138,     2.426138
  1097,     0.000000,     1.349493
  1098,     0.000000,     1.349493
  1099,     2.426131,     2.426131
  1100,     2.426139,     2.426139
  1101,     2.426138,     2.426138
  1102,     1.349493,     0.000000
  1103,     1.349493,     0.000000
  1104,     1.349493,     0.000000
  1105,     1.349493,     0.000000
  1106,     2.426131,     2.426131
  1107,     2.426139,     2.426139
  1108,     2.426138,     2.426138
  1109,     0.000000,     1.349493
  1110,     0.000000,     1.349493
  1111,     0.000000,     1.349493
  1112,     0.000000,     1.349493
  1113,     2.426131,     2.426131
  1114,     2.426139,     2.426139
  1115,     2.426138,     2.426138
  1116,     1.349493,     0.000000
  1117,     1.349493,     0.000000
  1118,     1.349493,     0.000000
  1119,     1.349493,     0.000000
  1120,     5.315656,     5.315656
  1121,     2.542179,     2.542179
  1122,     2.542179,     2.542179
  1123,     2.542178,     2.542178
  1124,     2.542178,     2.542178
  1125,     2.542178,     2.542178
  1126,     2.542178,     2.542178
  1127,     3.344070,     3.344070
  1128,     2.386203,     2.386203
  1129,     2.386203,     2.386203
  1130,     2.386211,     2.386211
  1131,     5.315656,     5.315656
  1132,     2.542179,     2.542179
  1133,     2.542179,     2.542179
  1134,     2.542178,     2.542178
  1135,     2.542178,     2.542178
  1136,     2.542178,     2.542178
  1137,     2.542178,     2.542178
  1138,     3.344070,     3.344070
  1139,     2.386203,     2.386203
  1140,     2.386203,     2.386203
  1141,     2.386211,     2.386211
  1142,     5.315656,     5.315656
  1143,     3.344070,     3.344070
  1144,     2.386203,     2.386203
  1145,     2.386203,     2.386203
  1146,     2.386211,     2.386211
  1147,     2.542179,     2.542179
  1148,     2.542179,     2.542179
  1149,     2.542178,     2.542178
  1150,     2.542178,     2.542178
  1151,     2.542178,     2.542178
  1152,     2.542178,     2.542178
  1153,     5.315656,     5.315656
  1154,     2.542179,     2.542179
  1155,     2.542179,     2.542179
  1156,     2.542178,     2.542178
  1157,     2.542178,     2.542178
  1158,     2.542178,     2.542178
  1159,     2.542178,     2.542178
  1160,     3.344070,     3.344070
  1161,     2.386203,     2.386203
  1162,     2.386203,     2.386203
  1163,     2.386211,     2.386211
  1164,     3.381879,     2.404764
  1165,     1.798314,     1.278733
  1166,     2.404764,     3.381879
  1167,     1.126031,     1.583565
  1168,     3.381879,     2.404764
  1169,     1.798314,     1.278733
  1170,     2.404764,     3.381879
  1171,     1.126031,     1.583565
  1172,     1.278733,     1.798314
  1173,     1.583565,     1.126031
  1174,     1.278733,     1.798314
  1175,     1.583565,     1.126031
  1176,     4.727752,     2.404764
  1177,     1.703483,     1.289842
  1178,     5.160797,     5.160797
  1179,     2.404764,     4.727752
  1180,     1.114923,     1.472470
  1181,     4.727752,     2.404764
  1182,     1.703483,     1.289842
  1183,     5.160797,     5.160797
  1184,     2.404764,     4.727752
  1185,     1.114923,     1.472470
  1186,     1.289842,     1.703483
  1187,     5.160797,     5.160797
  1188,     1.472470,     1.114923
  1189,     1.289842,     1.703483
  1190,     5.160797,     5.160797
  1191,     1.472470,     1.114923
  1192,     1.583565,     1.126031
  1193,     1.798314,     1.278733
  1194,     1.126031,     1.583565
  1195,     1.278733,     1.798314
  1196,     1.583565,     1.126031
  1197,     1.798314,     1.278733
  1198,     1.126031,     1.583565
  1199,     1.278733,     1.798314
  1200,     1.472470,     1.114923
  1201,     1.703483,     1.289842
  1202,     1.114923,     1.472470
  1203,     1.289842,     1.703483
  1204,     1.472470,     1.114923
  1205,     1.703483,     1.289842
  1206,     1.114923,     1.472470
  1207,     1.289842,     1.703483
  1208,     1.551795,     0.000000
  1209,     2.750145,     2.750145
  1210,     2.750145,     2.750145
  1211,     1.551795,     0.000000
  1212,     2.750145,     2.750145
  1213,     2.750145,     2.750145
  1214,     0.000000,     1.551795
  1215,     0.000000,     1.551795
  1216,     2.750145,     2.750145
  1217,     2.750145,     2.750145
  1218,     1.551795,     0.000000
  1219,     1.551795,     0.000000
  1220,     2.750145,     2.750145
  1221,     2.750145,     2.750145
  1222,     0.000000,     1.551795
  1223,     0.000000,     1.551795
  1224,     5.142641,     5.142641
  1225,     4.288411,     4.288411
  1226,     2.595142,     2.595142
  1227,     2.595142,     2.595142
  1228,     2.595141,     2.595141
  1229,     5.142641,     5.142641
  1230,     4.288411,     4.288411
  1231,     2.595142,     2.595142
  1232,     2.595142,     2.595142
  1233,     2.595141,     2.595141
  1234,     5.142641,     5.142641
  1235,     4.288411,     4.288411
  1236,     2.595142,     2.595142
  1237,     2.595142,     2.595142
  1238,     2.595141,     2.595141
  1239,     5.142641,     5.142641
  1240,     4.288411,     4.288411
  1241,     2.595142,     2.595142
  1242,     2.595142,     2.595142
  1243,     2.595141,     2.595141
  1244,     2.471561,     2.471561
  1245,     2.471561,     2.471561
  1246,     2.471568,     2.471568
  1247,     2.471561,     2.471561
  1248,     2.471561,     2.471561
  1249,     2.471561,     2.471561
  1250,     2.471561,     2.471561
  1251,     2.471568,     2.471568
  1252,     2.471561,     2.471561
  1253,     2.471561,     2.471561
  1254,     2.471561,     2.471561
  1255,     2.471561,     2.471561
  1256,     2.471568,     2.471568
  1257,     2.471561,     2.471561
  1258,     2.471561,     2.471561
  1259,     2.471561,     2.471561
  1260,     2.471561,     2.471561
  1261,     2.471568,     2.471568
  1262,     2.471561,     2.471561
  1263,     2.471561,     2.471561
  1264,     2.692521,     2.003970
  1265,     1.440421,     1.072066
  1266,     2.003970,     2.692521
  1267,     0.931904,     1.252100
  1268,     2.692521,     2.003970
  1269,     1.440421,     1.072066
  1270,     2.003970,     2.692521
  1271,     0.931904,     1.252100
  1272,     1.252100,     0.931904
  1273,     1.072066,     1.440421
  1274,     1.252100,     0.931904
  1275,     1.072066,     1.440421
  1276,     1.402779,     2.756853
  1277,     1.402779,     1.631793
  1278,     1.402779,     1.631793
  1279,     2.756853,     1.402779
  1280,     1.631793,     1.402779
  1281,     1.631793,     1.402779
  1282,     1.402779,     2.756853
  1283,     1.402779,     1.631793
  1284,     1.402779,     1.631793
  1285,     2.756853,     1.402779
  1286,     1.631793,     1.402779
  1287,     1.631793,     1.402779
  1288,     0.931904,     1.252100
  1289,     1.072066,     1.440421
  1290,     1.252100,     0.931904
  1291,     1.440421,     1.072066
  1292,     0.931904,     1.252100
  1293,     1.072066,     1.440421
  1294,     1.252100,     0.931904
  1295,     1.440421,     1.072066
  1296,     1.125063,     0.000000
  1297,     1.125063,     0.000000
  1298,     0.000000,     1.125063
  1299,     0.000000,     1.125063
  1300,     1.125063,     0.000000
  1301,     1.125063,     0.000000
  1302,     0.000000,     1.125063
  1303,     0.000000,     1.125063
  1304,     7.302123,     6.289901
  1305,     2.960000,     2.960000
  1306,     2.960000,     2.960000
  1307,     2.960000,     2.960000
  1308,     7.302123,     6.289901
  1309,     2.960000,     2.960000
  1310,     2.960000,     2.960000
  1311,     2.960000,     2.960000
  1312,     7.302123,     6.289901
  1313,     2.960000,     2.960000
  1314,     2.960000,     2.960000
  1315,     2.960000,     2.960000
  1316,     7.302123,     6.289901
  1317,     2.960000,     2.960000
  1318,     2.960000,     2.960000
  1319,     2.960000,     2.960000
  1320,     6.133722,     5.509769
  1321,     2.960000,     2.960000
  1322,     2.960000,     2.960000
  1323,     2.960000,     2.960000
  1324,     6.133722,     5.509769
  1325,     2.960000,     2.960000
  1326,     2.960000,     2.960000
  1327,     2.960000,     2.960000
  1328,     6.133722,     5.509769
  1329,     2.960000,     2.960000
  1330,     2.960000,     2.960000
  1331,     2.960000,     2.960000
  1332,     6.133722,     5.509769
  1333,     2.960000,     2.960000
  1334,     2.960000,     2.960000
  1335,     2.960000,     2.960000
  1336,     4.586281,     4.586281
  1337,     2.590000,     2.590000
  1338,     2.590000,     2.590000
  1339,     2.590000,     2.590000
  1340,     4.586281,     4.586281
  1341,     2.590000,     2.590000
  1342,     2.590000,     2.590000
  1343,     2.590000,     2.590000
  1344,     4.586281,     4.586281
  1345,     2.590000,     2.590000
  1346,     2.590000,     2.590000
  1347,     2.590000,     2.590000
  1348,     4.586281,     4.586281
  1349,     2.590000,     2.590000
  1350,     2.590000,     2.590000
  1351,     2.590000,     2.590000
  1352,     7.887765,     7.199645
  1353,     2.960000,     2.960000
  1354,     2.960000,     2.960000
  1355,     2.960000,     2.960000
  1356,     7.887765,     7.199645
  1357,     2.960000,     2.960000
  1358,     2.960000,     2.960000
  1359,     2.960000,     2.960000
  1360,     7.887765,     7.199645
  1361,     2.960000,     2.960000
  1362,     2.960000,     2.960000
  1363,     2.960000,     2.960000
  1364,     7.887765,     7.199645
  1365,     2.960000,     2.960000
  1366,     2.960000,     2.960000
  1367,     2.960000,     2.960000
  1368,     5.277619,     4.064219
  1369,     2.713336,     2.713336
  1370,     2.713336,     2.713336
  1371,     5.277619,     4.064219
  1372,     2.713336,     2.713336
  1373,     2.713336,     2.713336
  1374,     5.277619,     4.064219
  1375,     2.713336,     2.713336
  1376,     2.713336,     2.713336
  1377,     5.277619,     4.064219
  1378,     2.713336,     2.713336
  1379,     2.713336,     2.713336
  1380,     1.600000,     2.193226
  1381,     0.800000,     1.096614
  1382,     2.193226,     1.600000
  1383,     1.096614,     0.800000
  1384,     1.600000,     2.193226
  1385,     0.800000,     1.096614
  1386,     2.193226,     1.600000
  1387,     1.096614,     0.800000
  1388,     1.096614,     0.800000
  1389,     0.800000,     1.096614
  1390,     1.096614,     0.800000
  1391,     0.800000,     1.096614
  1392,     1.600000,     2.193226
  1393,     0.800000,     1.096614
  1394,     2.193226,     1.600000
  1395,     1.096614,     0.800000
  1396,     1.600000,     2.193226
  1397,     0.800000,     1.096614
  1398,     2.193226,     1.600000
  1399,     1.096614,     0.800000
  1400,     0.800000,     1.096614
  1401,     1.096614,     0.800000
  1402,     0.800000,     1.096614
  1403,     1.096614,     0.800000
  1404,     2.051887,     1.400000
  1405,     1.025945,     0.700000
  1406,     1.400000,     2.051887
  1407,     0.700000,     1.025945
  1408,     2.051887,     1.400000
  1409,     1.025945,     0.700000
  1410,     1.400000,     2.051887
  1411,     0.700000,     1.025945
  1412,     0.700000,     1.025945
  1413,     1.025945,     0.700000
  1414,     0.700000,     1.025945
  1415,     1.025945,     0.700000
  1416,     1.600000,     2.193226
  1417,     0.800000,     1.096614
  1418,     2.193226,     1.600000
  1419,     1.096614,     0.800000
  1420,     1.600000,     2.193226
  1421,     0.800000,     1.096614
  1422,     2.193226,     1.600000
  1423,     1.096614,     0.800000
  1424,     0.800000,     1.096614
  1425,     1.096614,     0.800000
  1426,     0.800000,     1.096614
  1427,     1.096614,     0.800000
  1428,     2.200000,     3.720351
  1429,     3.720351,     2.200000
  1430,     2.200000,     3.720351
  1431,     3.720351,     2.200000
  1432,     1.500084,     0.000000
  1433,     1.500084,     0.000000
  1434,     0.000000,     1.500084
  1435,     0.000000,     1.500084
  1436,     1.500084,     0.000000
  1437,     1.500084,     0.000000
  1438,     0.000000,     1.500084
  1439,     0.000000,     1.500084
  1440,     0.800000,     1.096614
  1441,     0.800000,     1.096614
  1442,     1.096614,     0.800000
  1443,     1.096614,     0.800000
  1444,     0.800000,     1.096614
  1445,     0.800000,     1.096614
  1446,     1.096614,     0.800000
  1447,     1.096614,     0.800000
  1448,     1.500084,     0.000000
  1449,     1.500084,     0.000000
  1450,     0.000000,     1.500084
  1451,     0.000000,     1.500084
  1452,     1.500084,     0.000000
  1453,     1.500084,     0.000000
  1454,     0.000000,     1.500084
  1455,     0.000000,     1.500084
  1456,     1.096614,     0.800000
  1457,     1.096614,     0.800000
  1458,     0.800000,     1.096614
  1459,     0.800000,     1.096614
  1460,     1.096614,     0.800000
  1461,     1.096614,     0.800000
  1462,     0.800000,     1.096614
  1463,     0.800000,     1.096614
  1464,     1.025945,     0.700000
  1465,     1.025945,     0.700000
  1466,     0.700000,     1.025945
  1467,     0.700000,     1.025945
  1468,     1.025945,     0.700000
  1469,     1.025945,     0.700000
  1470,     0.700000,     1.025945
  1471,     0.700000,     1.025945
  1472,     0.000000,     1.500084
  1473,     0.000000,     1.500084
  1474,     1.500084,     0.000000
  1475,     1.500084,     0.000000
  1476,     0.000000,     1.500084
  1477,     0.000000,     1.500084
  1478,     1.500084,     0.000000
  1479,     1.500084,     0.000000
  1480,     0.800000,     1.096614
  1481,     0.800000,     1.096614
  1482,     1.096614,     0.800000
  1483,     1.096614,     0.800000
  1484,     0.800000,     1.096614
  1485,     0.800000,     1.096614
  1486,     1.096614,     0.800000
  1487,     1.096614,     0.800000
  1488,     0.000000,     1.500084
  1489,     0.000000,     1.500084
  1490,     1.500084,     0.000000
  1491,     1.500084,     0.000000
  1492,     0.000000,     1.500084
  1493,     0.000000,     1.500084
  1494,     1.500084,     0.000000
  1495,     1.500084,     0.000000
  1496,     0.861004,     0.861004
  1497,     0.861004,     0.861004
  1498,     0.861004,     0.861004
  1499,     0.861004,     0.861004
  1500,     1.099960,     1.584432
  1501,     2.179669,     1.550401
  1502,     2.179669,     1.550401
  1503,     3.084553,     2.270588
  1504,     1.299999,     0.085605
  1505,     1.299999,     0.085605
  1506,     3.084553,     2.270588
  1507,     1.299999,     0.085605
  1508,     1.299999,     0.085605
  1509,     1.956461,     1.932186
  1510,     1.956461,     1.932186
  1511,     3.297284,     2.293320
  1512,     1.594797,     0.346887
  1513,     1.594797,     0.346887
  1514,     1.594798,     0.346891
  1515,     1.594797,     0.346887
  1516,     2.958250,     1.401776
  1517,     3.765763,     2.459514
  1518,     1.300000,     1.822112
  1519,     3.297284,     2.293320
  1520,     0.000000,     1.157672
  1521,     1.047784,     1.047784
  1522,     3.765763,     2.459514
  1523,     1.047784,     1.047784
  1524,     3.282012,     2.480907
  1525,     1.462500,     0.096303
  1526,     3.282012,     2.480907
  1527,     1.462500,     0.096303
  1528,     0.000000,     1.328876
  1529,     0.000000,     1.029268
  1530,     4.623869,     3.059186
  1531,     4.623869,     3.059186
  1532,     3.575117,     2.959392
  1533,     3.575117,     2.959392
  1534,     4.140195,     2.543008
  1535,     4.140195,     2.543008
  1536,     1.462500,     0.096306
  1537,     3.819216,     2.916975
  1538,     1.299999,     0.085602
  1539,     1.300002,     0.085602
  1540,     1.462500,     0.096306
  1541,     3.819216,     2.916975
  1542,     1.299999,     0.085602
  1543,     1.300002,     0.085602
  1544,     1.910664,     2.078916
  1545,     0.689338,     0.750042
  1546,     1.300000,     0.664438
  1547,     1.300000,     0.664438
  1548,     0.689338,     0.750042
  1549,     1.950000,     2.186940
  1550,     1.950000,     1.930128
  1551,     1.099956,     1.729292
  1552,     2.626281,     1.320152
  1553,     1.401593,     0.530840
  1554,     1.287402,     0.843150
  1555,     1.287402,     0.843150
  1556,     2.958250,     1.401776
  1557,     1.401593,     0.530839
  1558,     2.626281,     1.320152
  1559,     1.401593,     0.530840
  1560,     1.287402,     0.843150
  1561,     1.287402,     0.843150
  1562,     1.993497,     2.225812
  1563,     1.993497,     1.974062
  1564,     2.248988,     1.721483
  1565,     1.401593,     0.530839
  1566,     1.401593,     0.530839
  1567,     1.401593,     0.530839
  1568,     1.099960,     1.584432
  1569,     2.179669,     1.550401
  1570,     2.179669,     1.550401
  1571,     3.084553,     2.270588
  1572,     1.299999,     0.085605
  1573,     1.299999,     0.085605
  1574,     3.765763,     2.459514
  1575,     1.299999,     0.085602
  1576,     1.300002,     0.085602
  1577,     3.282012,     2.480907
  1578,     1.462500,     0.096303
  1579,     3.575117,     2.959392
  1580,     1.462500,     0.096306
  1581,     3.819216,     2.916975
  1582,     3.084553,     2.270588
  1583,     1.299999,     0.085605
  1584,     1.299999,     0.085605
  1585,     3.765763,     2.459514
  1586,     1.299999,     0.085602
  1587,     1.300002,     0.085602
  1588,     3.282012,     2.480907
  1589,     1.462500,     0.096303
  1590,     3.575117,     2.959392
  1591,     1.462500,     0.096306
  1592,     3.819216,     2.916975
  1593,     1.956461,     1.932186
  1594,     1.956461,     1.932186
  1595,     3.297284,     2.293320
  1596,     1.594797,     0.346887
  1597,     1.594797,     0.346887
  1598,     1.594798,     0.346891
  1599,     1.594797,     0.346887
  1600,     2.958250,     1.401776
  1601,     1.300000,     1.822112
  1602,     3.297284,     2.293320
  1603,     0.000000,     1.157672
  1604,     1.047784,     1.047784
  1605,     1.047784,     1.047784
  1606,     0.000000,     1.328876
  1607,     0.000000,     1.029268
  1608,     4.623869,     3.059186
  1609,     4.623869,     3.059186
  1610,     4.140195,     2.543008
  1611,     4.140195,     2.543008
  1612,     1.910664,     2.078916
  1613,     0.689338,     0.750042
  1614,     1.300000,     0.664438
  1615,     1.300000,     0.664438
  1616,     0.689338,     0.750042
  1617,     1.950000,     2.186940
  1618,     1.950000,     1.930128
  1619,     1.099956,     1.729292
  1620,     2.626281,     1.320152
  1621,     1.401593,     0.530840
  1622,     1.401593,     0.530839
  1623,     1.287402,     0.843150
  1624,     1.287402,     0.843150
  1625,     2.958250,     1.401776
  1626,     1.401593,     0.530839
  1627,     2.626281,     1.320152
  1628,     1.401593,     0.530840
  1629,     1.401593,     0.530839
  1630,     1.287402,     0.843150
  1631,     1.287402,     0.843150
  1632,     1.993497,     2.225812
  1633,     1.993497,     1.974062
  1634,     2.248988,     1.721483
  1635,     1.401593,     0.530839
  1636,     0.787885,     1.605380
  1637,     2.180934,     1.657401
  1638,     2.180934,     1.657401
  1639,     1.571107,     1.909774
  1640,     1.571107,     1.909774
  1641,     2.348683,     2.490804
  1642,     1.181830,     0.144467
  1643,     1.762517,     1.842716
  1644,     5.657507,     4.196749
  1645,     1.624979,     0.441138
  1646,     1.624979,     0.441138
  1647,     4.564786,     3.034455
  1648,     1.218735,     0.330854
  1649,     4.568905,     3.555290
  1650,     4.568905,     3.555290
  1651,     0.000000,     1.128040
  1652,     2.318159,     2.593651
  1653,     1.181830,     0.144467
  1654,     2.348683,     2.490804
  1655,     1.181827,     0.144470
  1656,     0.000000,     1.314064
  1657,     2.322573,     2.603690
  1658,     1.181827,     0.144470
  1659,     1.181830,     0.144467
  1660,     1.181830,     0.144467
  1661,     1.756575,     1.829209
  1662,     5.657507,     4.196749
  1663,     0.000000,     1.128040
  1664,     4.564786,     3.034455
  1665,     2.981784,     1.509967
  1666,     1.624981,     2.108352
  1667,     1.624981,     1.744498
  1668,     2.981784,     1.509967
  1669,     1.575773,     2.814592
  1670,     1.575769,     2.442616
  1671,     1.575773,     2.070664
  1672,     0.393944,     0.895603
  1673,     0.180803,     0.411040
  1674,     0.202786,     0.461017
  1675,     0.787885,     1.605380
  1676,     2.180934,     1.657401
  1677,     2.180934,     1.657401
  1678,     1.571107,     1.909774
  1679,     1.571107,     1.909774
  1680,     2.348683,     2.490804
  1681,     1.181830,     0.144467
  1682,     4.568905,     3.555290
  1683,     1.181827,     0.144470
  1684,     2.318159,     2.593651
  1685,     1.181830,     0.144467
  1686,     1.756575,     1.829209
  1687,     1.762517,     1.842716
  1688,     2.322573,     2.603690
  1689,     4.568905,     3.555290
  1690,     1.181830,     0.144467
  1691,     2.348683,     2.490804
  1692,     1.181827,     0.144470
  1693,     1.181830,     0.144467
  1694,     5.657507,     4.196749
  1695,     1.624979,     0.441138
  1696,     1.624979,     0.441138
  1697,     4.564786,     3.034455
  1698,     1.218735,     0.330854
  1699,     0.000000,     1.128040
  1700,     0.000000,     1.314064
  1701,     5.657507,     4.196749
  1702,     0.000000,     1.128040
  1703,     4.564786,     3.034455
  1704,     3.752736,     1.833951
  1705,     0.770952,     0.323983
  1706,     1.624981,     2.108352
  1707,     1.624981,     1.744498
  1708,     2.981784,     1.509967
  1709,     1.575773,     2.814592
  1710,     1.575769,     2.442616
  1711,     1.575773,     2.070664
  1712,     0.393944,     0.895603
  1713,     0.180803,     0.411040
  1714,     0.202786,     0.461017
  1715,     4.306874,     3.156509
  1716,     2.523574,     1.663348
  1717,     1.294681,     0.544076
  1718,     4.306874,     3.156509
  1719,     2.523574,     1.663348
  1720,     1.294681,     0.544076
  1721,     1.632718,     0.686131
  1722,     1.632718,     0.686131
  1723,     1.306124,     1.313401
  1724,     1.306124,     1.313401
  1725,     3.783594,     1.811658
  1726,     4.242298,     2.740459
  1727,     1.657314,     0.484651
  1728,     4.242298,     2.740459
  1729,     3.783594,     1.811658
  1730,     1.657314,     0.484651
  1731,     1.756673,     0.513706
  1732,     1.756673,     0.513706
  1733,     0.999247,     0.292210
  1734,     0.999247,     0.292210
  1735,     1.391210,     0.265596
  1736,     1.391210,     0.265596
  1737,     2.314680,     1.418139
  1738,     0.999947,     0.612639
  1739,     1.998493,     1.333135
  1740,     2.297935,     1.632672
  1741,     0.967499,     0.687402
  1742,     2.589363,     1.650238
  1743,     0.999947,     0.612639
  1744,     0.967499,     0.687402
  1745,     4.306874,     3.156509
  1746,     2.523574,     1.663348
  1747,     1.294681,     0.544076
  1748,     4.306874,     3.156509
  1749,     2.523574,     1.663348
  1750,     1.294681,     0.544076
  1751,     1.632718,     0.686131
  1752,     1.632718,     0.686131
  1753,     1.306124,     1.313401
  1754,     1.306124,     1.313401
  1755,     3.783594,     1.811658
  1756,     4.242298,     2.740459
  1757,     1.657314,     0.484651
  1758,     4.242298,     2.740459
  1759,     3.783594,     1.811658
  1760,     1.657314,     0.484651
  1761,     1.756673,     0.513706
  1762,     1.756673,     0.513706
  1763,     0.999247,     0.292210
  1764,     0.999247,     0.292210
  1765,     1.391210,     0.265596
  1766,     1.391210,     0.265596
  1767,     2.314680,     1.418139
  1768,     0.999947,     0.612639
  1769,     1.998493,     1.333135
  1770,     0.999947,     0.612639
  1771,     2.297935,     1.632672
  1772,     0.967499,     0.687402
  1773,     2.589363,     1.650238
  1774,     0.967499,     0.687402
  1775,     1.495123,     0.325209
  1776,     1.495122,     0.325207
  1777,     1.495122,     0.325207
  1778,     1.495123,     0.325209
  1779,     1.594797,     0.346887
  1780,     1.594798,     0.346891
  1781,     1.594797,     0.346887
  1782,     1.594797,     0.346887
  1783,     1.495123,     0.325209
  1784,     1.495122,     0.325207
  1785,     1.495122,     0.325207
  1786,     1.495123,     0.325209
  1787,     1.594797,     0.346887
  1788,     1.594798,     0.346891
  1789,     1.594797,     0.346887
  1790,     1.594797,     0.346887
  1791,     1.624979,     0.441138
  1792,     1.624979,     0.441138
  1793,     1.218735,     0.330854
  1794,     1.218735,     0.330854
  1795,     1.218735,     0.330854
  1796,     1.218735,     0.330854
  1797,     1.624979,     0.441138
  1798,     1.624979,     0.441138
  1799,     1.218735,     0.330854
  1800,     1.218735,     0.330854
